t;ax;ay;az;distF;distB;distL;distR;alpha;powerL;powerR;
381;0.627626;0;9.92433;90.631;10.4069;64.25;31.5259;212.94;0;0;
402;0.588399;0;9.92433;89.8379;10.3724;64.2155;31.5948;213.668;0;0;
423;0.627626;0.0392266;9.8851;90.2345;10.4069;64.2328;30.681;212.8;0;0;
443;0.588399;0.0392266;9.92433;90.269;10.0103;64.25;30.2155;213.243;0;0;
464;0.588399;0.0392266;9.96356;89.3896;10.0103;63.8362;28.4914;214.268;0;0;
484;0.627626;0;9.8851;89.8379;10.4241;64.2672;30.2328;213.515;0;0;
505;0.588399;0.0392266;9.92433;89.8034;10.0103;64.2845;30.2155;213.534;0;0;
523;0.627626;0;9.8851;46.3207;10.3897;64.2672;31.1121;214.004;0;0;
543;0.627626;0.0392266;9.8851;83.6138;10.4069;64.2328;31.5259;212.809;0;0;
561;0.627626;0.0392266;9.92433;45.8724;9.95862;61.4397;32.8534;213.823;0;0;
581;0.627626;0;9.92433;84.7;10.4241;64.2328;34.0603;213.689;0;0;
602;0.549172;0.0392266;9.8851;89.8379;10.3897;64.6466;31.9397;213.553;0;0;
623;0.627626;0;9.8851;90.2;10.0103;64.2672;34.5431;213.104;0;0;
644;0.627626;0.0392266;9.8851;89.8379;10.4069;64.681;33.2672;213.259;0;0;
665;0.588399;0;9.8851;89.7862;10.4241;64.2155;33.6638;213.243;0;0;
685;0.588399;0;9.92433;90.2345;10.4241;64.5948;31.4914;213.515;0;0;
706;0.588399;0;9.8851;89.8034;10.4069;64.5948;33.681;213.823;0;0;
727;0.588399;0.0392266;9.8851;89.8034;10.4069;64.6466;34.0776;213.078;0;0;
747;0.627626;0;9.92433;90.2;10.4069;64.6121;30.5948;213.823;0;0;
765;0.627626;0;9.92433;47.131;10.0103;64.2155;30.6293;213.846;0;0;
786;0.588399;0;9.8851;80.3379;10.3897;64.6293;32.4052;214.396;0;0;
806;0.588399;0.0392266;9.8851;89.8034;10.4241;64.5776;31.8534;214.11;0;0;
825;0.588399;0.0392266;9.8851;89.4414;10.4069;41.7328;30.5948;213.091;0;0;
846;0.627626;0;9.8851;86.6483;10.4414;64.1983;31.1293;213.078;0;0;
865;0.588399;0;9.92433;89.4069;10.4069;41.7155;30.1466;213.534;0;0;
884;0.666852;0;9.80665;89.8034;10.4241;45.8879;30.6293;214.24;0;0;
905;0.588399;0;9.84588;89.7862;10.3897;64.6638;31.4914;214.085;0;0;
926;0.627626;0;9.92433;89.3724;10.4069;64.5948;33.25;214.555;0;0;
946;0.627626;0.0392266;9.92433;90.2172;10.4069;65.0259;31.9397;214.426;0;0;
967;0.627626;0;9.92433;89.8207;10.4241;64.6293;32.8707;213.648;0;0;
988;0.627626;0;9.8851;88.9414;10.4069;64.6121;33.2845;213.228;0;0;
1008;0.627626;0;9.8851;90.2172;10.4069;64.6121;32.8362;213.648;0;0;
1029;0.627626;0;9.8851;90.2172;10.4241;64.6466;31.0948;214.367;0;0;
1050;0.549172;0.0392266;9.92433;90.2;10.4069;64.2155;30.2328;213.823;0;0;
1069;0.588399;0.0392266;9.8851;90.6483;10.4069;43.3879;32.819;214.367;0;0;
1088;0.509946;0.0392266;9.8851;90.6483;10.4069;43.4052;30.6293;213.515;0;0;
1108;0.627626;0.0784532;9.96356;89.3552;10.4069;45.9914;31.0259;214.681;0;0;
1126;0.588399;0;9.8851;47.1483;10.4241;64.6121;32.3534;214.11;0;0;
1146;0.666852;0;9.8851;81.0276;10.4069;64.1983;32.819;213.823;0;0;
1164;0.627626;0;9.84588;47.631;10.4069;64.681;31.0948;213.38;0;0;
1185;0.588399;0;9.92433;90.2172;10.3897;64.5948;31.5086;213.955;0;0;
1206;0.627626;-0.0392266;9.92433;90.2517;10.4241;65.0948;32.7672;214.555;0;0;
1227;0.509946;0.0392266;9.92433;90.2;10.4069;65.0259;32.8017;213.243;0;0;
1246;0.588399;0;10.042;89.8034;10.4069;43.4397;31.9052;212.94;0;0;
1265;0.627626;0.0392266;9.96356;89.8034;10.4069;42.2155;34.1121;213.71;0;0;
1284;0.627626;0;9.92433;89.7862;10.4069;42.6121;31.1121;214.004;0;0;
1304;0.588399;0;9.84588;89.8034;10.4241;43.0259;33.2328;213.091;0;0;
1324;0.627626;0;9.8851;89.8207;10.4241;64.6121;32.3707;213.243;0;0;
1344;0.588399;0;9.8851;89.8379;10.3897;44.1638;34.1121;213.668;0;0;
1365;0.627626;0;9.8851;90.2517;10.0103;64.2672;31.4569;213.364;0;0;
1385;0.627626;0.0392266;9.92433;89.8207;10.4069;64.6293;31.4741;213.979;0;0;
1406;0.588399;0;9.8851;90.2517;10.4241;64.6293;31.9741;213.823;0;0;
1424;0.588399;0;9.92433;48.0276;9.94138;61.8534;33.2845;213.38;0;0;
1444;0.627626;0.0392266;9.92433;89.3724;10.4241;64.1983;31.5776;213.228;0;0;
1462;0.588399;0.0392266;9.92433;48.0276;9.9931;62.9914;30.2155;214.555;0;0;
1483;0.627626;0.11768;9.92433;90.6655;10.4241;64.6293;30.6293;213.397;0;0;
1503;0.549172;0.0392266;9.92433;89.8207;10.4069;64.6293;31.5086;213.415;0;0;
1524;0.588399;0.0392266;9.92433;89.8207;10.4069;64.6293;31.1121;212.951;0;0;
1544;0.588399;-0.0392266;9.80665;90.2;10.4069;64.6121;31.9052;213.515;0;0;
1565;0.627626;0;9.84588;90.6828;10.4069;64.6121;31.4914;213.689;0;0;
1586;0.627626;0;9.92433;89.7517;10.0103;64.2155;31.5086;213.38;0;0;
1606;0.627626;0;9.92433;90.2345;10.4069;64.2155;30.6466;213.515;0;0;
1626;0.627626;0;9.92433;89.8034;10.3897;44.6638;33.2672;213.979;0;0;
1646;0.627626;0;9.8851;90.2172;10.4069;64.6121;31.5259;212.642;0;0;
1664;0.627626;0.0784532;9.76742;47.2;9.9931;63.819;29.7672;213.689;0;0;
1685;0.549172;0.0392266;9.8851;90.2;10.4069;64.1983;31.4914;213.078;0;0;
1703;0.627626;0.11768;9.92433;47.6138;9.9931;59.181;30.25;213.228;0;0;
1723;0.588399;0.0392266;9.84588;88.8379;10.4069;64.25;29.819;212.657;0;0;
1743;0.627626;-0.0392266;9.8851;89.4069;10.0276;64.2672;25.9052;213.846;0;0;
1764;0.666852;0;9.92433;89.7862;10.3897;64.1983;31.9569;213.801;0;0;
1784;0.627626;0;9.92433;89.8034;10.4069;64.6293;29.8534;213.397;0;0;
1805;0.627626;0.0392266;9.96356;90.2345;10.4069;64.5948;31.5948;213.846;0;0;
1824;0.588399;0.0392266;9.92433;89.4241;10.4069;45.9052;32.8017;213.689;0;0;
1843;0.627626;0;9.61052;89.8379;10.3897;42.1121;31.0603;214.11;0;0;
1864;0.784532;0;9.61052;89.7862;10.4069;64.681;29.3879;215.756;50;50;
1885;1.29448;0.353039;9.37516;89.8207;10.0103;64.25;29.3707;216.519;50;50;
1905;4.04034;0.0784532;10.552;89.7517;10.0966;64.2328;26.3362;215.641;50;50;
1925;4.19725;-0.980665;9.64974;89.2862;9.88966;48.181;34.0776;213.979;50;50;
1944;-0.588399;0.470719;8.86521;81.4241;12.7517;48.6293;34.9914;213.689;50;50;
1963;0.392266;-0.23536;8.98289;89.2517;9.78621;38.1638;32.9741;211.165;50;50;
1983;3.0989;-0.706079;9.41438;74.4069;10.3897;59.3707;29.2328;211.62;50;50;
2002;1.49061;-0.156906;9.84588;89.2172;10.1828;46.2672;33.8362;210.736;50;50;
2021;1.64752;0.470719;9.57129;88.0448;10.0276;43.319;31.75;211.034;50;50;
2041;2.19669;0.941438;9.06135;88.131;10.3379;54.5603;30.0776;210.275;50;50;
2060;-0.0392266;-1.68674;10.1597;87.3724;10.6655;41.5086;31.0776;212.635;50;50;
2080;-1.13757;-0.392266;9.68897;87.8552;10.5621;48.8707;33.3879;212.635;50;50;
2099;0.470719;0.431493;10.0812;87.0793;10.9069;44.3534;30.0948;212.621;50;50;
2119;1.68674;0.784532;10.552;87.1655;11.3207;64.2155;30.0948;213.737;50;50;
2140;0.313813;-0.313813;8.47295;86.3552;11.7345;64.1638;33.1466;212.065;50;50;
2159;-1.64752;-0.588399;9.68897;86.3034;11.7345;49.4397;28.7672;211.503;50;50;
2179;-0.941438;-0.0392266;9.10057;86.7;12.5793;46.3017;31.4224;212.065;50;50;
2198;2.43205;0;11.768;85.7862;12.5966;44.4397;33.6466;210.936;50;50;
2218;2.39282;0.23536;9.33593;84.1138;13.0103;64.4569;21.6638;211.21;50;50;
2238;0.0392266;-0.470719;12.4741;85.3207;13.8897;50.3017;36.9397;210.801;50;50;
2259;-2.58896;0.706079;8.78676;84.8207;15.3034;64.0431;36.0776;210.208;50;50;
2279;-1.13757;0.353039;10.0028;84.3207;15.4241;63.9569;24.2672;210.498;50;50;
2299;1.09834;0.980665;9.80665;82.9586;15.8552;48.0086;35.681;209.97;50;50;
2318;2.47128;0.392266;10.6304;81.6483;15.131;63.8879;20.0603;210.384;50;50;
2338;0.274586;-1.45138;8.70831;81.6483;15.5103;47.5776;36.2155;209.786;50;50;
2358;-1.09834;-0.392266;10.4735;81.0621;16.8379;63.4741;36.2155;210.517;50;50;
2379;-0.823759;-0.23536;9.7282;81.8379;14.6828;63.819;35.4397;211.199;50;50;
2399;1.49061;0.549172;10.6696;80.4759;18.3379;64.2155;19.9397;211.21;50;50;
2419;2.39282;0.784532;10.1989;80.4241;18.8552;64.1983;19.8879;209.272;50;50;
2439;0.784532;-0.11768;9.1398;79.1138;18.4414;63.7672;34.6983;209.495;50;50;
2460;0.627626;0.706079;11.0619;79.3896;14.7;63.6983;36.0086;210.342;50;50;
2479;-0.706079;0.392266;6.47239;77.9931;20.3724;63.681;17.4914;209.862;50;50;
2499;1.68674;-0.11768;11.0227;77.9414;20.8897;64.0431;15.8534;208.27;50;50;
2519;2.90277;-0.470719;9.7282;76.9931;20.9931;63.5259;35.2672;209.625;50;50;
2540;1.29448;0.509946;9.02212;76.4414;21.4759;63.0603;35.75;209.625;50;50;
2559;1.1768;-1.45138;10.4735;76.3724;14.7;63.4741;22.181;208.786;50;50;
2579;1.37293;0.627626;8.98289;75.3552;23.0276;50.5776;26.319;207.426;50;50;
2599;-0.549172;-0.627626;13.4155;75.6828;23.0793;63.819;35.8707;207.609;50;50;
2619;1.45138;0.666852;9.53206;75.1483;23.5448;49.8362;28.8879;206.681;50;50;
2640;1.45138;-0.784532;10.0028;74.2862;24.5103;63.6983;35.9569;206.134;50;50;
2660;0.823759;0.23536;9.10057;74.1655;25.0621;63.2845;36.0086;208.479;50;50;
2681;2.3536;0.353039;10.0812;72.8034;25.6138;63.6121;36.0776;206.443;50;50;
2702;-0.627626;-0.588399;10.395;72.6483;26.1828;62.7672;36.5776;206.857;50;50;
2722;-2.62818;0.431493;10.7481;72.0793;26.6828;49.3707;34.9914;207.619;50;50;
2742;-1.01989;-1.13757;10.9442;71.2;27.6138;63.0603;36.6638;206.857;50;50;
2762;-0.0784532;0.392266;8.86521;71.0621;27.7172;51.2672;35.8534;207.619;50;50;
2783;1.01989;1.09834;10.552;70.5448;28.2345;62.9569;36.75;208.043;50;50;
2803;-0.23536;-0.0392266;8.62985;69.631;28.7862;52.5431;36.4052;208.565;50;50;
2824;0.392266;0;9.84588;69.4759;29.3034;62.3879;36.0086;206.733;50;50;
2843;0.470719;-1.05912;12.9056;68.4759;13.8379;62.3707;36.0776;207.559;50;50;
2863;0.274586;-0.509946;7.02156;68.3897;30.3897;46.2155;36.5431;206.733;50;50;
2882;3.88343;1.05912;10.042;67.4759;14.7;57.1638;32.75;205.939;50;50;
2903;2.43205;-0.156906;9.06135;67.3724;31.4069;57.1983;36.681;205.811;50;50;
2922;1.64752;0.392266;9.37516;66.8897;13.4414;62.9569;37.1638;207.175;50;50;
2943;1.64752;-0.156906;10.1597;65.8379;32.5276;62.8707;37.2155;205.483;50;50;
2963;0.902212;0.666852;9.8851;65.2862;33.4586;57.0086;36.9052;205.178;50;50;
2984;1.05912;-0.745305;10.1205;64.769;33.9931;55.3707;37.0086;204.723;50;50;
3004;0.549172;-0.706079;9.61052;64.7;34.5276;61.8362;37.0086;205.514;50;50;
3023;0.392266;-0.0392266;10.0812;63.769;14.3034;48.8534;36.6983;205.671;50;50;
3043;-0.509946;1.37293;9.84588;63.269;35.131;62.5776;36.7328;204.526;50;50;
3064;0.509946;1.72597;9.53206;63.1828;35.6483;56.4397;37.25;204.292;50;50;
3084;0.902212;-0.627626;10.2381;62.269;36.5621;49.0259;38.1293;202.549;50;50;
3104;1.21602;-2.74586;10.2774;61.8207;37.0448;52.0431;37.8362;200.787;50;50;
3124;0.392266;-0.196133;10.042;61.3034;36.7345;61.8362;37.4914;202.831;50;50;
3144;0.980665;0.823759;9.80665;60.8379;37.6483;51.319;37.1466;203.814;50;50;
3165;1.05912;0.509946;9.53206;60.3379;38.5448;62.5603;37.5948;201.127;50;50;
3184;0.627626;-0.706079;10.0028;59.8207;14.2517;51.9914;31.9741;199.441;50;50;
3204;0.0392266;0.11768;9.61052;58.9586;39.0621;51.3534;37.681;198.2;50;50;
3224;0.980665;0.509946;9.7282;58.9069;39.5621;52.3879;37.7845;197.9;50;50;
3244;1.41216;0.431493;9.80665;58.8034;40.4586;53.4914;37.8362;197.122;50;50;
3264;0.666852;-0.196133;9.8851;58.3207;40.9931;56.3707;37.9052;197.429;50;50;
3285;0.666852;0.549172;10.1597;57.8724;41.0448;61.25;38.4224;197.368;50;50;
3303;0.941438;-1.37293;10.1597;57.3552;14.7172;55.4224;32.7845;193.339;50;50;
3322;0.274586;-1.29448;9.68897;56.9069;15.1138;52.0603;38.1638;190.58;50;50;
3341;0.588399;-0.196133;9.8851;57.3897;14.6828;51.6638;32.5086;190.124;0;0;
3361;0.274586;1.56906;10.4343;55.9759;42.8552;57.0259;38.6638;190.091;0;0;
3382;-1.96133;0.549172;9.57129;55.5966;43.2517;60.9741;38.319;190.694;0;0;
3402;-2.54973;-0.431493;9.7282;55.2172;43.631;55.0776;38.3534;188.045;0;0;
3421;-0.823759;-0.196133;10.395;54.5448;14.7;56.7672;38.3879;189.286;0;0;
3441;-0.745305;-0.11768;9.57129;54.8207;43.5276;54.819;37.9914;188.083;0;0;
3461;0.11768;0.196133;10.0812;55.1655;44.0448;55.1983;37.9741;188.404;0;0;
3482;-0.0784532;0.196133;10.042;54.6828;43.6828;56.0776;38.0086;188.008;0;0;
3502;-0.431493;0.11768;9.68897;55.0966;44.0966;53.5086;38.0086;188.446;0;0;
3523;1.01989;-0.274586;9.8851;54.6828;43.6828;56.9397;38.819;188.49;0;0;
3543;1.3337;-0.0784532;10.0812;55.1483;44.0276;52.25;37.9914;188.49;0;0;
3563;0.588399;0.23536;9.7282;54.6655;44.0966;55.2155;38.4052;188.917;0;0;
3583;0.509946;0.196133;9.8851;55.131;44.0448;54.3534;38.0086;188.468;0;0;
3604;0.706079;-0.11768;9.96356;54.7;44.4931;54.819;37.9914;188.446;0;0;
3624;0.666852;-0.11768;9.8851;54.7;44.0966;55.0948;38.0259;188.026;0;0;
3644;0.509946;0.0784532;9.96356;54.6655;44.5103;55.2845;38.0086;188.917;0;0;
3665;0.666852;0.196133;9.84588;54.7;44.0621;54.6983;38.3879;189.768;0;0;
3685;0.745305;0;9.92433;55.0966;44.0793;54.8017;38.4569;188.468;0;0;
3705;0.588399;-0.0784532;9.92433;54.2862;44.0621;54.2845;37.9741;190.091;0;0;
3726;0.549172;0.0392266;9.84588;54.6655;44.0966;56.9741;38.4052;188.891;0;0;
3746;0.666852;0.0784532;9.92433;55.1483;44.0621;51.819;38.4741;190.58;0;0;
3767;0.627626;0.0392266;9.92433;55.0966;44.0448;55.6638;38.4052;189.286;0;0;
3787;0.549172;0;9.8851;54.7172;45.9931;54.75;38.8534;188.818;0;0;
3808;0.588399;0;9.8851;54.7172;44.0966;55.9914;38.0086;189.645;0;0;
3828;0.706079;0.0784532;9.92433;54.6655;44.0793;55.5603;38.0086;187.59;0;0;
3848;0.627626;0;9.8851;54.6655;44.4586;56.0776;38.4052;188.866;0;0;
3869;0.627626;0;9.92433;55.131;44.0621;54.7672;37.9741;188.383;0;0;
3889;0.666852;-0.0392266;9.92433;55.131;44.0276;54.819;38.4224;188.77;0;0;
3909;0.627626;0.0392266;9.92433;55.131;44.0621;53.9397;37.9741;189.645;0;0;
3930;0.549172;0.0784532;9.61052;54.6483;44.0448;60.4224;38.819;187.972;0;0;
3950;0.588399;0.0392266;9.92433;55.1138;44.0793;56.0431;38.0259;189.152;0;0;
3971;0.588399;0;9.92433;54.6655;44.4414;55.681;38.8017;190.091;0;0;
3991;0.627626;0;9.68897;54.6828;44.0966;54.8017;38.0259;189.615;0;0;
4011;0.666852;0.0392266;9.96356;55.5448;44.0621;53.4914;38.0431;188.425;0;0;
4030;0.666852;0;9.92433;54.2517;14.269;60.3534;38.8707;189.259;0;0;
4050;0.588399;0.0392266;9.8851;55.5793;44.0793;53.4914;38.0259;189.615;0;0;
4071;0.627626;0;9.8851;54.6655;44.0621;55.7328;38.0086;188.891;0;0;
4091;0.588399;0.0392266;9.92433;54.7345;44.0448;54.7672;37.5948;189.586;0;0;
4110;0.588399;0;9.8851;54.7;14.7172;60.319;38.4397;188.866;0;0;
4131;0.627626;0;9.92433;54.6828;44.0448;61.2155;38.4224;189.615;0;0;
4151;0.627626;0.0392266;9.8851;54.7;44.0621;56.0431;38.4397;189.675;0;0;
6741;0.627626;0.0392266;9.92433;54.6483;44.0448;55.9397;38.4397;189.4;0;0;
6762;0.627626;0.0392266;9.92433;54.631;44.0276;55.1466;37.9914;187.621;0;0;
6782;0.627626;0.0392266;9.92433;54.6828;44.0448;54.7328;38.4052;188.49;0;0;
6803;0.666852;0;9.92433;54.6483;44.4069;54.0948;37.9914;192.259;-50;-50;
6824;0;0.23536;10.3558;54.6655;44.4241;56.4052;38.3879;189.675;-50;-50;
6844;-1.9221;-0.11768;9.57129;55.5793;44.4069;54.1983;37.9914;190.617;-50;-50;
6864;-0.588399;-0.23536;10.2774;54.769;43.8724;55.0948;38.3707;191;-50;-50;
6883;-0.313813;-0.196133;9.8851;54.9241;14.269;55.4914;38.3362;190.506;-50;-50;
6903;0.666852;0.156906;10.0028;54.769;43.5621;55.75;38.3362;191;-50;-50;
6923;0.549172;0.23536;10.2774;55.269;43.3724;55.319;38.319;191.794;-50;-50;
6943;-0.666852;0.11768;9.8851;55.4241;43.1483;56.2672;38.2845;192.677;-50;-50;
6964;-0.431493;0.0784532;9.92433;55.6655;42.5448;60.9569;38.2672;192.113;-50;-50;
6984;0.823759;0.274586;9.8851;55.8897;42.6828;57.0431;38.1983;194.689;-50;-50;
7005;0.902212;0.549172;10.3166;56.5793;42.4586;60.6293;38.1293;194.215;-50;-50;
7025;0.0784532;0.0784532;9.92433;56.8724;42.1655;53.8362;38.1466;194.962;-50;-50;
7044;0.0784532;0;10.2381;56.3034;14.6655;60.6983;36.4569;195.696;-50;-50;
7062;0.11768;-0.509946;10.1597;57.4414;14.7;53.6638;35.3707;193.453;-50;-50;
7081;0.706079;-0.392266;10.042;57.3034;14.6828;49.1121;37.5948;191.211;-50;-50;
7101;1.09834;0.0392266;9.76742;57.1828;40.9931;60.8707;37.9569;191.659;-50;-50;
7122;0.902212;0.627626;10.2381;58.3034;40.6828;53.1638;37.4741;194.431;-50;-50;
7142;0.23536;0.313813;10.4343;58.1828;40.3034;59.5776;37.8707;194.898;-50;-50;
7163;0.274586;-0.11768;9.92433;58.1655;39.9414;60.8879;37.8017;195.228;-50;-50;
7183;-0.0392266;0.23536;9.53206;58.9069;39.6483;55.0776;37.3362;195.768;-50;-50;
7203;0.353039;0.196133;10.6304;58.8724;39.2172;55.4052;37.6983;196.732;-50;-50;
7223;0.0784532;0.627626;9.76742;59.2345;38.5103;52.6121;37.2672;195.485;-50;-50;
7244;1.56906;0.313813;10.2381;59.4069;38.5103;56.1293;37.25;196.579;-50;-50;
7264;1.01989;-0.666852;10.3558;60.0103;38.0965;56.0948;36.8017;197.488;-50;-50;
7283;0.11768;-0.902212;9.76742;60.8207;14.2862;57.5603;29.3362;196.192;-50;-50;
7302;0.902212;-0.862985;10.1597;61.1483;37.8034;48.181;37.9569;196.886;-50;-50;
7323;1.09834;0.470719;10.2381;61.5793;36.9586;51.5086;37.8534;198.407;-50;-50;
7342;0.941438;0.156906;10.8265;61.4931;14.7172;59.9052;37.3534;197.035;-50;-50;
7362;0.549172;-0.23536;10.3558;61.8897;36.2517;49.0948;36.4741;198.153;-50;-50;
7381;0.902212;-0.431493;9.68897;62.3207;14.7172;56.6121;38.0948;199.628;-50;-50;
7401;0.902212;0.156906;9.53206;63.0793;35.4586;52.7845;36.7328;200.089;-50;-50;
7421;0.980665;1.01989;9.80665;63.0621;35.0621;55.5086;36.7155;200.263;-50;-50;
7440;0.23536;0.980665;9.10057;63.4586;14.6828;59.3017;30.9397;202.199;-50;-50;
7461;1.21602;-0.23536;9.57129;63.8724;34.269;59.8879;37.4569;201.746;-50;-50;
7481;1.05912;-1.29448;10.1205;64.631;33.8034;62.681;36.9914;202.898;-50;-50;
7502;0.627626;-1.01989;9.64974;64.6828;33.4586;55.75;37.2672;201.992;-50;-50;
7522;0.902212;1.25525;9.96356;67.0965;33.0103;53.2155;37.6638;200.946;-50;-50;
7542;0.902212;0.549172;10.3166;65.4414;32.6483;57.1293;37.181;202.131;-50;-50;
7563;1.09834;-0.313813;9.80665;65.8379;32.2172;62.5431;37.1293;201.445;-50;-50;
7584;0.902212;-0.431493;9.76742;66.6655;31.8034;63.0259;36.6983;201.494;-50;-50;
7605;0.156906;0.156906;10.3166;66.269;31.8379;62.6638;38.9914;202.267;-50;-50;
7624;0.431493;0.862985;10.3558;67.131;14.7;56.0259;35.1983;201.591;-50;-50;
7643;-0.196133;0.431493;9.61052;67.4414;14.6828;62.7845;27.4741;203.258;-50;-50;
7664;1.88288;-0.470719;10.1597;67.8379;30.2345;62.8362;36.4224;202.131;-50;-50;
7685;0.823759;-1.37293;8.86521;68.6483;29.8379;63.2672;36.0086;202.707;-50;-50;
7705;1.3337;0.862985;10.7481;68.6828;29.0103;62.8879;36.319;202.833;-50;-50;
7726;1.01989;1.60829;11.6111;69.0621;28.9931;63.4569;35.8879;206.096;0;0;
7746;0.549172;-0.784532;7.45305;69.9241;14.7;63.4397;35.4052;204.491;0;0;
7765;4.19725;-0.666852;9.84588;69.8379;13.8379;55.1293;36.181;204.79;0;0;
7785;4.43261;-0.745305;9.76742;70.5103;28.4414;52.819;23.75;204.47;0;0;
7805;0.196133;0.823759;16.0045;70.2517;27.4586;53.5776;30.319;205.658;0;0;
7825;1.88288;0.745305;8.70831;70.3897;27.8207;63.0776;36.5776;205.222;0;0;
7846;2.86354;-0.274586;9.92433;70.4241;27.769;63.1121;36.1466;205.016;0;0;
7865;1.88288;-0.666852;9.53206;70.9069;14.6828;54.7672;32.9914;205.725;0;0;
7884;0.666852;0.274586;9.96356;70.5103;13.8724;63.1466;27.0948;204.593;0;0;
7905;0.549172;0.431493;9.7282;70.4759;27.7517;63.4914;36.1466;205.691;0;0;
7924;0.313813;0;9.80665;70.4759;15.131;63.0948;24.6121;204.806;0;0;
7945;0.549172;-0.274586;9.8851;70.4414;27.769;63.0948;36.1638;204.606;0;0;
7964;0.784532;0.0392266;9.96356;70.0276;27.8207;51.7328;25.0948;204.79;0;0;
7985;0.392266;0.0784532;9.92433;70.4241;27.8207;63.4741;36.1983;204.581;0;0;
8004;0.23536;0;9.84588;70.8379;27.7862;63.5259;14.5603;204.491;0;0;
8025;0.549172;0.0392266;9.8851;70.4414;27.8034;63.0776;36.2328;204.693;0;0;
8046;0.706079;0.0392266;9.96356;70.8552;27.8034;63.5259;36.2155;203.496;0;0;
8065;0.588399;0.0784532;9.84588;70.8379;27.7862;63.5086;14.9741;204.154;0;0;
8084;0.588399;0.156906;9.92433;70.4759;27.8207;63.4569;14.9569;204.921;0;0;
8104;0.509946;0.0784532;9.92433;70.4586;27.8034;63.5086;13.3017;204.046;0;0;
8124;0.549172;-0.0392266;10.0028;70.8552;27.8207;63.5259;35.7845;204.593;0;0;
8144;0.549172;-0.0392266;9.8851;70.8897;27.769;63.0948;13.2845;204.265;0;0;
8163;0.745305;0.11768;9.96356;70.4931;27.8034;63.4914;12.8707;205.058;0;0;
8182;0.549172;0.0392266;9.84588;70.4759;14.3034;63.0776;23.75;204.593;0;0;
8203;0.470719;0;9.92433;70.1138;27.4069;63.5086;35.7845;205.272;0;0;
8222;0.588399;0;9.96356;70.0621;27.4241;52.5086;24.1638;203.825;0;0;
8241;0.588399;0.0784532;9.92433;70.4586;27.7862;62.6293;14.1466;204.593;0;0;
8260;0.549172;0.0392266;9.8851;70.4414;14.269;51.7155;34.9052;204.158;0;0;
8280;0.627626;0;9.92433;70.4241;27.8034;51.75;24.5776;202.603;0;0;
8299;0.588399;0;9.8851;70.8897;27.8034;63.0431;14.1293;204.581;0;0;
8318;0.627626;0;9.84588;70.8379;27.8034;51.181;23.8362;204.708;0;0;
8338;0.509946;0.0392266;10.0028;70.3897;27.8207;63.0948;14.5603;204.369;0;0;
8358;0.549172;0.0392266;9.92433;70.4586;27.769;63.0431;36.5603;203.717;0;0;
8378;0.549172;0;10.0812;70.0103;27.4241;53.0086;23.3534;205.247;0;0;
8397;0.588399;0.0392266;9.92433;70.4414;27.8034;63.5086;14.0948;204.806;0;0;
8416;0.588399;0.0392266;9.92433;70.4414;27.8034;63.5259;14.0948;204.369;0;0;
8436;0.588399;0.0392266;9.92433;70.8724;27.8034;63.0776;14.5603;203.165;0;0;
8457;0.588399;0.0392266;9.8851;70.4414;27.769;63.4914;36.181;205.572;0;0;
8477;0.588399;0;9.92433;70.8897;27.8034;63.5086;36.2328;204.593;0;0;
8497;0.549172;0.0392266;9.92433;70.0103;27.8207;63.0603;15.75;204.581;0;0;
8516;0.509946;0.0392266;9.8851;70.8724;27.8034;63.4741;13.7155;203.935;0;0;
8537;0.588399;0;9.96356;70.4069;27.3724;63.0431;36.181;204.593;0;0;
8556;0.549172;0.0392266;9.92433;70.8724;27.8034;63.8879;13.6983;203.935;0;0;
8575;0.549172;0.0392266;9.92433;70.4759;27.7862;63.4741;14.5948;204.593;0;0;
8595;0.509946;0.0392266;9.8851;70.8552;27.8207;62.6293;14.1121;204.581;0;0;
8614;0.588399;0;9.8851;70.4586;27.8207;63.0431;13.7328;204.044;0;0;
8634;0.549172;0.0392266;9.92433;70.8379;27.8207;62.6638;14.1293;202.957;0;0;
8653;0.549172;0;9.96356;70.4586;27.8207;62.6466;14.1983;204.47;0;0;
8672;0.588399;0;9.8851;70.4414;27.8034;51.2155;23.8707;204.259;0;0;
8691;0.588399;0;9.80665;70.4931;27.8207;51.1293;29.0431;204.902;0;0;
8711;0.588399;0.0392266;9.96356;70.8724;27.8379;50.3534;23.819;205.247;0;0;
8730;0.549172;0;9.8851;70.8379;27.0103;51.7328;24.5776;204.921;0;0;
8749;0.549172;0.0392266;9.92433;70.4759;27.8207;63.0259;13.3017;205.222;0;0;
8769;0.588399;0;9.8851;70.4586;27.8034;63.0431;14.5259;204.15;0;0;
8788;0.549172;0;9.8851;70.4759;14.2345;52.0948;34.8707;204.369;0;0;
8807;0.549172;0;9.8851;70.4586;27.8379;51.681;22.5086;203.935;0;0;
8826;0.509946;0.0784532;9.92433;70.4759;27.8207;63.0603;13.681;204.265;0;0;
8845;0.509946;0.0392266;9.92433;70.8552;27.8207;50.8707;22.9397;204.044;0;0;
8865;0.588399;0.0784532;9.92433;70.8897;27.8207;63.4914;13.3534;204.481;0;0;
8884;0.549172;0.0392266;9.7282;70.4759;14.269;50.8017;34.8534;204.593;0;0;
8903;0.588399;0.0392266;9.8851;70.8552;15.5448;51.2672;33.4914;204.377;0;0;
8922;0.549172;0.0392266;9.96356;69.6483;27.8207;63.0948;12.8534;205.037;0;0;
8941;0.588399;0.0392266;9.92433;70.4586;27.8207;63.5086;13.7155;204.723;0;0;
8961;0.549172;0.0392266;9.8851;70.8552;27.3552;63.4914;13.3362;204.158;0;0;
8980;0.549172;0.0392266;9.92433;71.3034;27.7862;63.5086;12.4397;204.271;0;0;
8999;0.588399;0.0392266;9.92433;70.4586;14.269;53.4224;32.2155;204.377;0;0;
9018;0.549172;0.0392266;9.84588;70.4414;27.8034;63.0776;13.25;204.265;0;0;
9038;0.509946;0.0392266;9.92433;70.4586;27.8207;63.1293;12.8534;203.825;0;0;
9057;0.509946;0.0392266;10.1205;70.4414;14.2517;51.681;33.5431;204.154;0;0;
9076;0.549172;0.0784532;9.8851;68.3724;27.8207;63.0603;13.2845;205.337;0;0;
9095;0.588399;0.0392266;9.8851;70.4586;27.8207;63.0603;14.1638;203.721;0;0;
9114;0.549172;0;9.8851;70.8724;27.769;63.0603;13.7328;203.825;0;0;
9134;0.627626;0;9.92433;71.269;27.8034;63.0776;13.2845;203.284;0;0;
9153;0.588399;0.0392266;9.8851;70.4759;27.8379;63.5259;13.2845;203.827;0;0;
9172;0.549172;0.0784532;9.8851;70.4759;27.8034;63.0776;14.1983;203.935;0;0;
9192;0.549172;0;9.92433;70.4414;27.8207;63.0948;13.2672;204.679;0;0;
9211;0.549172;0.0392266;9.96356;70.4759;27.7862;63.0776;14.6466;204.259;0;0;
9230;0.549172;0;9.92433;70.8897;27.7862;63.4914;13.3017;204.369;0;0;
9250;0.627626;0;9.8851;71.3379;27.7862;63.4914;13.3534;205.658;0;0;
9269;0.588399;0.0392266;9.80665;70.8724;27.8379;63.0776;14.1293;203.935;0;0;
9288;0.627626;0;9.92433;70.4586;27.7862;63.0431;14.1466;204.259;0;0;
9308;0.549172;0;9.8851;70.4931;27.8034;63.0776;14.1121;204.902;0;0;
9327;0.588399;0.0392266;9.92433;71.3034;27.8034;63.0603;13.2672;204.154;0;0;
9346;0.549172;0.0392266;9.92433;70.8552;27.8207;63.0948;14.1293;204.044;0;0;
9366;0.588399;0;9.92433;70.9069;27.8207;63.0603;14.1121;205.454;0;0;
9385;0.588399;0.0392266;9.92433;70.4414;27.7862;63.4914;13.3017;204.154;0;0;
9405;0.588399;0;9.8851;70.4759;27.8207;63.0603;14.5431;205.016;0;0;
9424;0.627626;0;9.92433;70.0276;27.8034;63.5086;13.75;203.717;0;0;
9443;0.588399;0.0392266;9.80665;70.4931;27.8034;63.4741;13.2845;204.158;0;0;
9462;0.549172;0;9.84588;70.4414;27.8207;63.1121;13.2845;204.369;0;0;
9483;0.588399;0.0392266;9.8851;70.4586;27.8379;63.5086;36.1638;204.94;0;0;
9504;0.588399;0.0784532;9.84588;70.4586;27.8034;63.0603;36.1466;205.016;0;0;
9523;0.588399;0.11768;9.96356;70.4759;27.8207;52.5086;22.5431;203.713;0;0;
9542;0.549172;0.0784532;9.7282;71.269;27.3552;63.0259;14.1466;204.265;0;0;
9562;0.588399;0.0392266;9.8851;70.0448;27.769;63.9397;13.6983;204.491;0;0;
9581;0.588399;0;9.92433;70.4586;27.8379;63.4914;14.1121;204.265;0;0;
9600;0.588399;0;9.8851;70.8724;27.769;63.0776;14.181;204.162;0;0;
9620;0.588399;0.0392266;9.8851;70.4759;14.3034;63.0948;23.75;204.046;0;0;
9639;0.588399;0.0392266;9.92433;70.4586;27.8379;62.6121;14.5776;203.708;0;0;
9660;0.627626;0.0392266;9.92433;70.9069;27.8034;63.0259;36.5603;203.713;0;0;
9679;0.549172;0.0392266;9.92433;70.0621;27.8207;52.0948;22.9569;203.823;0;0;
9698;0.627626;0.0392266;9.84588;71.3034;27.769;63.4569;15.0431;204.921;0;0;
9719;0.588399;0.0392266;9.96356;70.0276;27.8207;63.4569;36.2155;203.823;0;0;
9738;0.627626;0.0784532;9.8851;70.0276;27.8034;52.9224;22.0948;204.044;0;0;
9758;0.627626;0.0392266;9.92433;70.8897;27.8034;63.4741;13.319;204.369;0;0;
9777;0.627626;0.0392266;9.96356;70.4759;27.8034;63.5086;14.5776;205.016;0;0;
9798;0.588399;0.0392266;9.8851;70.8897;27.769;63.0431;36.181;204.265;0;0;
9817;0.706079;0.0784532;9.92433;70.4586;27.8379;51.681;23.3707;204.708;0;0;
9836;0.549172;0.0392266;9.96356;70.4414;27.8034;63.4914;14.5603;205.016;0;0;
9857;0.549172;0.11768;9.92433;71.3034;27.3724;63.0776;36.5948;204.481;0;0;
9878;0.627626;0.0784532;9.8851;70.8724;27.3552;63.9052;36.1638;204.044;0;0;
9897;0.588399;0.0392266;9.37516;70.4414;27.7862;62.6121;14.5603;204.693;0;0;
9918;0.588399;0.11768;10.1205;70.8724;27.8034;62.6121;36.2155;203.825;0;0;
9937;0.549172;0.0392266;9.8851;70.9069;27.7862;63.0603;14.5948;204.154;0;0;
9956;0.627626;0.0392266;9.92433;70.0793;28.1655;51.1638;26.5603;204.15;0;0;
9977;0.588399;0.0392266;9.92433;70.8552;27.3552;63.0431;36.1638;203.604;0;0;
9996;0.549172;0.0392266;9.92433;70.0793;28.6828;51.2328;23.0259;203.935;0;0;
10015;0.588399;0.0392266;9.92433;70.4414;27.8207;63.4914;13.2845;204.259;0;0;
10035;0.588399;0.0392266;9.92433;70.5103;27.8034;52.0603;23.8879;204.902;0;0;
10054;0.549172;0.0392266;9.8851;70.4586;27.8379;52.1466;23.3879;203.825;0;0;
10073;0.588399;0.0392266;9.96356;70.4759;27.7862;63.0603;15.4052;204.369;0;0;
10093;0.588399;0.0392266;9.8851;70.8724;27.8034;51.2155;26.8707;204.044;0;0;
10112;0.549172;0.0392266;9.96356;70.4759;27.8207;51.2155;23.8362;204.044;0;0;
10133;0.588399;0.0784532;9.92433;70.8552;27.3552;63.9052;36.6293;203.721;0;0;
10153;0.588399;0.0784532;10.0028;70.5103;27.769;63.4397;36.1466;204.47;0;0;
10173;0.588399;0.0392266;9.84588;70.8724;27.8034;63.4569;14.5776;204.693;0;0;
10193;0.627626;0.0784532;9.8851;70.4586;27.769;63.0259;36.5948;204.265;0;0;
10213;0.588399;0;9.84588;70.4931;27.8207;63.0603;14.1638;203.935;0;0;
10233;0.588399;0;9.96356;70.8897;27.8034;62.6121;36.181;204.593;0;0;
10254;0.509946;0.0392266;9.8851;70.5103;27.3724;63.4914;36.6293;203.935;0;0;
10273;0.588399;0.0784532;9.96356;70.4241;28.2172;58.4052;17.0776;204.581;0;0;
10294;0.588399;0.0392266;9.92433;70.0448;27.7517;63.4741;36.5776;204.902;0;0;
10314;0.588399;0.0392266;9.92433;70.4759;27.8034;63.0259;36.1983;203.825;0;0;
10334;0.549172;0.11768;9.92433;70.4241;27.8379;62.6293;15.4224;204.154;0;0;
10353;0.549172;0.0392266;10.042;69.6655;27.8379;63.4741;14.5776;204.15;0;0;
10374;0.588399;0.0784532;9.80665;71.2862;27.3724;63.0431;36.5776;204.806;0;0;
10394;0.549172;0.0392266;9.8851;70.4759;27.8034;63.4914;36.1983;205.131;0;0;
10414;0.549172;0.0392266;9.8851;70.8552;27.3724;63.5086;14.1638;204.921;0;0;
10434;0.549172;0.0784532;9.8851;70.8724;27.8207;63.4569;36.1983;204.693;0;0;
10455;0.549172;0.0392266;9.84588;70.8897;27.3379;63.4569;36.181;204.47;0;0;
10475;0.627626;0.0392266;9.92433;70.4241;27.8207;63.0259;36.1638;203.825;0;0;
10495;0.588399;0.0392266;9.84588;70.8897;27.8034;63.0431;14.5948;204.259;0;0;
10514;0.588399;0.0392266;9.8851;70.0621;27.8207;51.6121;23.8534;203.825;0;0;
10533;0.549172;0.0392266;9.8851;69.6655;27.8207;62.1638;14.1466;203.825;0;0;
10553;0.588399;0.0392266;9.84588;70.4586;27.8379;63.0086;14.1466;204.581;0;0;
10572;0.588399;0.0392266;9.8851;71.269;27.769;63.4052;14.1293;204.47;0;0;
10591;0.588399;0.0392266;9.8851;70.8724;27.769;62.6293;15.4569;203.616;0;0;
10612;0.588399;0.0392266;9.96356;70.8724;27.3552;63.0259;36.181;204.259;0;0;
10631;0.588399;0;9.92433;70.0448;27.8207;51.6121;22.9569;204.79;0;0;
10651;0.549172;0.0392266;9.92433;70.4586;27.3724;62.8362;14.5948;204.581;0;0;
10670;0.549172;0.0392266;9.92433;70.8724;27.8034;62.6293;14.1293;204.253;0;0;
10690;0.509946;0.0392266;9.8851;70.4931;27.7862;63.0259;36.5948;204.581;0;0;
10710;0.549172;0.0392266;9.84588;71.269;27.769;63.4397;14.1293;204.902;0;0;
10730;0.588399;0.0392266;9.96356;70.8897;27.8207;63.0431;35.8017;204.47;0;0;
10750;0.509946;0.0392266;9.92433;70.4759;27.8034;63.4397;13.681;204.693;0;0;
10769;0.627626;0.0392266;9.92433;70.0621;27.8207;52.9224;21.7672;204.581;0;0;
10788;0.549172;0.0392266;9.57129;70.8897;27.8207;63.0431;14.0948;204.369;0;0;
10807;0.588399;0;9.8851;70.4586;27.8207;51.2328;22.9569;204.369;0;0;
10827;0.549172;0.0392266;9.92433;70.8724;26.8207;63.0259;13.2845;205.364;0;0;
10846;0.549172;0.0392266;9.92433;70.0448;27.8207;63.4397;14.5948;205.016;0;0;
10867;0.627626;0.0392266;9.96356;70.8724;27.7862;62.6121;36.1638;203.935;0;0;
10886;0.549172;0.0392266;9.8851;70.8724;27.3724;63.4224;15.4397;203.496;0;0;
10907;0.588399;0.0392266;9.8851;70.4069;29.3724;63.0431;36.1638;204.581;0;0;
10926;0.588399;0.0392266;9.8851;70.0621;27.8207;62.6121;12.8707;204.47;0;0;
10947;0.588399;0;9.8851;69.9931;27.8034;63.0259;35.7328;204.593;0;0;
10966;0.549172;0.0392266;9.8851;70.0103;27.4241;51.1983;23.3534;204.158;0;0;
10985;0.509946;0.0392266;9.8851;71.269;27.3552;63.4052;15.4569;204.481;0;0;
11006;0.549172;0.0392266;9.8851;70.4414;27.7862;62.6293;36.5603;203.935;0;0;
11025;0.549172;-0.0392266;9.92433;70.8724;27.7862;62.9914;14.6121;204.708;0;0;
11045;0.627626;0.0392266;9.8851;70.4241;27.3724;63.8534;14.181;203.504;0;0;
11065;0.549172;0;9.92433;70.0793;27.769;63.4052;36.6293;203.935;0;0;
11086;0.549172;0.0392266;9.92433;70.8379;27.769;63.0259;36.6121;204.806;0;0;
11105;0.588399;0.0392266;9.84588;70.4586;27.3552;63.4397;15.4397;205.016;0;0;
11125;0.549172;0.0392266;9.92433;70.0276;27.769;62.9914;13.319;204.046;0;0;
11144;0.549172;0.0784532;9.8851;70.8724;27.8034;63.4397;12.8534;204.806;0;0;
11164;0.509946;0.0392266;10.0812;70.8724;27.7862;63.0259;15.0259;204.593;0;0;
11183;0.549172;0;9.96356;70.8724;27.8034;63.4224;14.0948;205.272;0;0;
11202;0.549172;0;9.8851;70.4586;27.8034;63.4569;14.1121;204.94;0;0;
11222;0.549172;0.0392266;9.92433;70.4759;27.8207;63.4569;13.681;203.717;0;0;
11241;0.588399;0.0392266;9.96356;70.0103;27.8207;63.0603;13.2845;204.823;0;0;
11260;0.588399;0.0392266;9.92433;70.4586;27.7517;63.0603;14.6121;203.389;0;0;
11280;0.627626;0.0392266;9.8851;70.0448;27.769;63.4569;13.3534;204.369;0;0;
11299;0.549172;0.11768;10.0028;71.2862;27.769;63.0259;14.1121;204.154;0;0;
11318;0.627626;0.0784532;9.8851;70.4931;28.2;63.0431;14.1983;204.271;0;0;
11338;0.588399;0.0392266;9.8851;70.9069;27.7862;63.4569;13.319;204.593;0;0;
11357;0.588399;0.0392266;9.92433;70.4931;27.7862;63.9052;13.3362;205.154;0;0;
11376;0.588399;-0.0392266;9.8851;70.4414;27.3552;63.4224;14.1983;203.165;0;0;
11396;0.549172;0;9.8851;70.8724;27.8034;63.4224;14.5776;203.825;0;0;
11415;0.549172;0.0392266;9.8851;70.8552;28.2;63.4224;13.681;204.265;0;0;
11435;0.588399;0.0392266;9.8851;70.4241;27.7517;63.4569;14.7845;204.259;0;0;
11454;0.549172;0.0392266;9.8851;70.4069;28.1828;63.0259;12.8707;204.806;0;0;
11473;0.588399;0;9.8851;70.4241;27.3724;63.4397;13.319;204.806;0;0;
11493;0.549172;0.0392266;9.8851;70.4069;27.7862;63.4914;12.8707;202.938;0;0;
11512;0.509946;0.0392266;9.84588;70.8724;27.8207;63.4224;14.5948;204.461;0;0;
11531;0.627626;0.0784532;9.8851;70.8379;27.769;63.0431;13.3017;203.935;0;0;
11551;0.588399;0;9.8851;70.8897;27.8034;63.0086;15.75;203.604;0;0;
11570;0.588399;0.0784532;9.92433;70.4586;14.3034;63.8879;23.3362;204.47;0;0;
11589;0.588399;-0.0392266;9.84588;70.4759;27.769;63.0603;12.8879;205.016;0;0;
11608;0.549172;0.0392266;9.8851;70.4586;27.8034;63.0431;13.75;204.774;0;0;
11628;0.549172;0.0392266;9.92433;70.8724;15.5793;63.0431;22.8879;203.825;0;0;
11647;0.588399;0.0392266;9.96356;70.8724;15.1483;63.4569;22.9224;205.016;0;0;
11666;0.549172;0.0392266;9.84588;70.8379;27.7862;63.4741;12.9224;204.593;0;0;
11685;0.588399;0.0392266;9.92433;70.4414;27.7862;63.4569;12.8707;205.016;0;0;
11705;0.549172;0.0392266;9.8851;70.8379;27.8034;63.0086;14.5948;204.046;0;0;
11724;0.588399;-0.0392266;9.96356;70.4586;14.2862;63.4397;23.3879;203.825;0;0;
11743;0.627626;0.0784532;9.76742;70.5103;27.769;63.4741;12.4569;204.593;0;0;
11762;0.509946;0.0392266;9.92433;70.0448;14.7;63.4914;23.3362;203.713;0;0;
11783;0.549172;0.0392266;9.96356;70.8379;27.3552;63.0086;36.1466;204.593;0;0;
11802;0.588399;0.0784532;9.96356;71.269;14.269;63.0948;23.7845;204.921;0;0;
11821;0.549172;0.0392266;9.64974;70.4586;27.769;63.4741;14.1121;203.935;0;0;
11841;0.588399;0;9.8851;70.8552;27.7517;62.5776;14.5948;204.046;0;0;
11860;0.588399;0;9.8851;70.8552;27.7517;63.0086;14.5776;204.823;0;0;
11880;0.588399;0.0392266;9.92433;71.2517;27.7862;63.4397;14.5776;204.377;0;0;
11899;0.588399;0;9.84588;70.4069;27.7517;63.4224;13.75;203.379;0;0;
11918;0.588399;0.0392266;9.92433;70.4241;28.1655;63.4741;12.8707;203.604;0;0;
11938;0.706079;0.0392266;9.80665;70.8724;27.7517;63.0086;13.6983;204.481;0;0;
11957;0.588399;0.0392266;9.92433;70.3897;27.7517;63.4569;13.3362;205.454;0;0;
11978;0.588399;0.0392266;9.96356;70.8379;27.3724;63.4052;35.7672;204.481;0;0;
11997;0.588399;0.0784532;9.92433;69.9759;27.3552;52.1293;23.7672;204.154;0;0;
12016;0.588399;0.0784532;9.92433;70.0448;27.7862;63.0259;13.7672;203.935;0;0;
12037;0.549172;0.0784532;9.92433;70.4414;27.7517;62.9914;36.6121;204.265;0;0;
12056;0.627626;0;9.96356;70.3897;27.3724;63.4397;16.2672;203.825;0;0;
12075;0.549172;0.156906;9.8851;70.4241;15.5448;52.5431;33.9224;205.483;0;0;
12094;0.588399;0.0392266;9.8851;70.3897;27.769;51.75;23.8017;204.369;0;0;
12114;0.509946;0.0392266;9.8851;70.4241;27.7862;63.0086;15.0431;204.902;0;0;
12133;0.588399;0;9.92433;70.8552;27.7862;62.5776;13.7328;204.259;0;0;
12152;0.549172;0.0392266;9.8851;69.9931;27.4069;51.2328;23.3534;204.693;0;0;
12172;0.549172;0.0392266;9.92433;70.4069;27.3552;63.0259;14.6121;203.721;0;0;
12191;0.549172;0.0392266;9.92433;70.4586;27.7862;62.9914;14.5603;204.79;0;0;
12210;0.509946;0.0784532;9.92433;70.4069;27.8034;63.4741;13.7155;204.044;0;0;
12229;0.588399;0.0784532;9.84588;69.9931;27.8379;51.6638;23.4052;204.481;0;0;
12249;0.549172;0.0392266;9.8851;70.4241;27.8034;62.6466;14.5431;204.259;0;0;
12268;0.588399;0.0784532;10.0028;70.4586;27.7862;63.0086;14.6293;203.504;0;0;
12287;0.588399;0.0392266;9.92433;70.0448;27.7862;63.0431;12.8707;204.581;0;0;
12307;0.588399;0.0392266;9.96356;70.4069;27.7517;63.4741;13.3362;204.369;0;0;
12326;0.509946;0.0784532;9.92433;70.0103;27.8034;63.4224;13.2845;204.481;0;0;
12345;0.588399;0.0392266;9.92433;70.4069;27.7862;63.8362;13.3017;204.806;0;0;
12365;0.549172;0;9.8851;69.7862;27.769;63.4914;14.1121;204.593;0;0;
12384;0.549172;0.0392266;9.96356;70.4241;27.7862;63.0259;13.6983;204.044;0;0;
12403;0.588399;0.0392266;9.92433;70.8379;27.7862;63.0603;12.8707;204.606;0;0;
12424;0.549172;0.11768;10.0028;70.4241;27.3552;63.0259;36.1638;204.693;0;0;
12443;0.627626;0.0784532;9.8851;70.4069;27.7862;63.4914;12.8707;205.037;0;0;
12462;0.588399;0.0392266;9.8851;70.4241;27.8034;63.4224;12.8879;204.823;0;0;
12482;0.588399;0.0392266;9.8851;70.4069;27.769;63.4397;12.4914;204.593;0;0;
12501;0.549172;0.0392266;9.96356;70.4069;15.5448;52.6121;34.3017;204.377;0;0;
12520;0.588399;0.0392266;9.8851;70.4069;15.5448;52.6293;33.8707;204.046;0;0;
12539;0.549172;0;9.8851;70.4241;27.769;63.0431;13.3362;204.369;0;0;
12558;0.549172;0.0392266;9.92433;70.4241;27.7517;63.0431;12.8879;204.154;0;0;
12578;0.588399;0.0392266;9.8851;70.0103;27.7517;63.0603;12.4569;203.717;0;0;
12597;0.588399;0;9.8851;70.4241;15.5621;52.181;33.8534;204.046;0;0;
12616;0.588399;0;9.92433;70.3897;27.8552;63.0776;13.6293;203.717;0;0;
12635;0.588399;0;9.92433;70.4414;27.7862;63.0948;12.8879;204.806;0;0;
12655;0.549172;0.0392266;9.92433;70.8034;27.7862;63.4914;12.0259;204.921;0;0;
12674;0.588399;0;9.8851;70.8379;27.8207;63.0603;13.2845;203.827;0;0;
12693;0.549172;0.0392266;9.64974;70.4414;14.2862;51.7155;34.4052;204.481;0;0;
12712;0.588399;0;9.92433;70.8207;27.7517;63.4741;12.9224;203.825;0;0;
12732;0.588399;0.0392266;9.8851;70.0103;27.8034;63.0776;12.8707;204.15;0;0;
12751;0.549172;0.0392266;9.8851;70.0103;15.131;52.9741;32.2845;204.044;0;0;
12770;0.588399;0.0392266;9.8851;69.5793;15.5448;52.181;33.9397;204.581;0;0;
12789;0.588399;0.0392266;9.8851;70.4241;27.769;63.0776;12.8879;204.47;0;0;
12808;0.549172;0.0392266;9.8851;70.8034;27.8207;63.5086;12.4052;205.337;0;0;
12828;0.549172;0.0392266;9.8851;70.4241;27.8034;63.4741;13.319;204.806;0;0;
12847;0.588399;0.0784532;10.0028;70.3897;27.4069;63.4741;13.2845;204.693;0;0;
12866;0.588399;0.0392266;9.84588;70.8207;27.3552;63.4914;12.8707;204.581;0;0;
12885;0.588399;0.0392266;9.8851;70.4069;28.9586;63.0776;12.0776;203.496;0;0;
12904;0.509946;0;9.92433;70.4069;14.2862;52.5603;33.4741;203.504;0;0;
12924;0.549172;0.0392266;9.8851;70.4241;13.8552;63.0948;23.3534;204.044;0;0;
12943;0.588399;0.0392266;9.84588;70.8207;27.3724;63.4741;13.75;204.606;0;0;
12964;0.588399;0.0392266;9.96356;69.9931;27.8207;63.1121;35.7672;204.593;0;0;
12983;0.549172;0.0392266;9.8851;70.8034;27.8379;63.4569;13.7155;204.94;0;0;
13003;0.549172;0.0392266;9.92433;70.4241;27.7862;63.5259;36.1983;204.921;0;0;
13023;0.588399;0.0392266;9.8851;70.0276;27.8034;63.5086;14.0776;204.265;0;0;
13042;0.509946;0;9.92433;70.8207;27.7517;63.4914;12.8707;204.481;0;0;
13061;0.588399;0;9.92433;70.8379;27.8034;63.1121;14.0948;205.154;0;0;
13081;0.627626;0.0392266;9.92433;70.4414;27.8034;63.0776;12.8879;204.708;0;0;
13100;0.588399;0.0784532;9.8851;70.8379;27.7862;63.5086;12.8707;203.713;0;0;
13119;0.666852;0.0392266;9.92433;70.8207;27.7862;63.4569;13.681;204.94;0;0;
13139;0.627626;0;9.80665;70.8552;27.8207;63.4741;13.2328;204.265;0;0;
13158;0.549172;0.0392266;9.92433;70.4414;27.8207;63.0431;14.9052;203.604;0;0;
13177;0.588399;0;9.92433;70.4241;27.7862;63.4741;12.4569;204.823;0;0;
13197;0.509946;0;9.92433;71.2517;27.3897;63.0259;13.2845;204.708;0;0;
13216;0.588399;0.0392266;9.92433;70.4759;27.8034;63.0259;13.3017;203.721;0;0;
13236;0.588399;0.0392266;9.92433;70.4414;27.8207;63.0431;13.2845;204.377;0;0;
13255;0.627626;0.0392266;9.8851;70.4931;27.8034;63.8707;12.4569;205.016;0;0;
13275;0.549172;0.0392266;9.8851;70.8897;27.8034;63.4569;13.2672;205.154;0;0;
13294;0.549172;0.0392266;9.8851;70.4586;27.769;63.0259;13.3362;203.61;0;0;
13313;0.588399;0;9.92433;70.4414;27.7862;63.8879;12.0603;204.581;0;0;
13332;0.549172;0.0392266;9.92433;70.4586;27.7517;63.4569;13.3362;204.15;0;0;
13352;0.588399;0;10.042;70.9069;27.8379;63.4741;13.7328;204.79;0;0;
13371;0.588399;0.0392266;9.8851;70.4759;27.8034;62.9914;14.5776;204.15;0;0;
13390;0.588399;0.0392266;9.8851;70.5103;27.8207;52.6121;22.1638;204.361;0;0;
13410;0.588399;0.0392266;9.92433;70.4586;27.769;63.0603;13.319;204.581;0;0;
13429;0.549172;0.0392266;9.8851;70.8552;28.1655;63.0259;13.319;204.253;0;0;
13448;0.588399;0;9.84588;70.8724;27.7862;63.0776;13.2845;203.935;0;0;
13468;0.627626;0.0392266;9.92433;70.8724;27.8034;63.4569;14.0948;204.79;0;0;
13487;0.549172;0.0392266;9.92433;70.4931;28.2172;51.6466;23.8707;204.581;0;0;
13506;0.588399;0.0392266;10.0028;70.0621;27.7862;63.4397;14.5603;205.131;0;0;
13526;0.588399;0.0392266;9.92433;70.4931;27.8379;53.7672;21.7155;203.827;0;0;
13545;0.509946;0.0392266;9.92433;70.0621;27.8207;63.4569;13.3017;204.593;0;0;
13564;0.588399;0.0392266;9.68897;70.9069;27.7862;63.8707;14.5431;203.717;0;0;
13584;0.549172;0.0392266;9.8851;70.4931;27.7862;63.4741;12.4741;203.713;0;0;
13603;0.588399;0.0392266;9.8851;70.4759;27.7862;63.4397;14.5948;203.935;0;0;
13622;0.588399;0.0392266;9.80665;70.8897;27.8379;52.8707;22.1466;204.806;0;0;
13643;0.549172;0.0392266;9.84588;70.8897;27.769;63.4224;36.1466;205.154;0;0;
13662;0.588399;0.0392266;9.8851;70.4931;27.7862;63.0086;13.7328;205.603;0;0;
13681;0.588399;0.0392266;9.8851;70.5276;27.8207;52.4741;22.5948;205.037;0;0;
13701;0.549172;0.0392266;9.8851;71.269;27.3552;62.9914;14.9914;204.046;0;0;
13720;0.588399;0.0392266;9.92433;70.4759;27.769;63.4569;12.4914;204.491;0;0;
13739;0.549172;0.0392266;9.92433;70.8552;27.3724;63.4397;14.181;204.158;0;0;
13759;0.627626;0.0784532;9.8851;70.4759;27.769;63.0259;13.3017;203.597;0;0;
13780;0.509946;0.0392266;9.8851;70.9069;27.8207;63.4397;36.2328;204.265;0;0;
13799;0.588399;0;9.84588;71.3207;27.8207;63.0259;14.1466;204.806;0;0;
13818;0.588399;0.0784532;9.84588;70.8897;27.8207;63.4397;12.8879;204.723;0;0;
13839;0.549172;0.0784532;9.84588;70.4759;27.7862;63.4569;36.1638;205.131;0;0;
13858;0.549172;-0.0784532;9.8851;70.4931;15.131;53.819;33.5086;203.823;0;0;
13879;0.588399;0;9.64974;70.5103;27.8207;63.4569;36.1983;203.823;0;0;
13898;0.627626;0;9.96356;70.5276;28.2517;63.4224;13.7155;203.823;0;0;
13917;0.627626;0.0392266;9.8851;70.8552;27.3724;63.4397;13.7328;204.481;0;0;
13937;0.627626;0;9.92433;70.4586;27.7862;63.0086;13.7328;204.046;0;0;
13957;0.588399;0.0392266;9.8851;70.4586;27.3897;63.4052;36.1638;204.593;0;0;
13977;0.588399;0.0392266;9.80665;70.4586;27.8379;50.7672;25.0776;203.713;0;0;
13996;0.666852;0.0392266;9.8851;70.8897;27.8207;51.6983;24.75;202.957;0;0;
14015;0.549172;0;9.92433;70.4586;27.769;63.4397;13.3362;204.044;0;0;
14036;0.549172;0.0392266;9.92433;70.4759;27.3724;63.4397;36.1638;204.369;0;0;
14055;0.549172;0;9.96356;70.4586;27.7862;63.8707;13.2845;204.046;0;0;
14076;0.588399;0;9.8851;70.3552;27.3552;63.4397;36.6121;204.046;0;0;
14095;0.627626;0.0784532;9.8851;70.4414;27.8379;52.0776;23.819;203.496;0;0;
14115;0.588399;0.0784532;10.0028;70.8552;15.131;52.6121;37.819;203.496;0;0;
14134;0.588399;0.0392266;9.92433;70.4759;27.8034;63.8707;13.2845;203.935;0;0;
14154;0.588399;0.0392266;9.96356;70.8897;27.7862;63.0259;13.7328;204.042;0;0;
14173;0.549172;-0.0392266;9.92433;70.0621;27.7862;63.4397;12.4569;205.337;0;0;
14192;0.588399;0.0784532;9.68897;70.8724;27.8207;63.4569;12.9052;204.259;0;0;
15059;0.627626;0;9.92433;70.8897;27.8034;63.3879;14.1121;204.593;0;0;
15079;0.549172;0;9.92433;71.3034;27.3724;62.9741;36.1638;204.271;0;0;
15099;0.588399;0.0392266;9.96356;70.4759;27.769;63.4052;13.2845;204.481;0;0;
15119;0.549172;0.0392266;9.8851;70.5103;27.769;63.0259;36.6121;203.165;0;0;
15140;0.588399;0;9.92433;70.4586;28.2172;63.4224;36.2328;204.723;0;0;
15159;0.549172;0.0392266;9.84588;70.8897;28.2172;63.0259;14.1466;203.043;0;0;
15179;0.588399;0;9.84588;69.2517;27.8207;63.4397;14.9397;204.593;0;0;
15199;0.549172;0.0392266;9.8851;70.4931;27.769;62.9914;36.181;203.271;0;0;
15218;0.549172;0.0784532;9.92433;70.0621;26.9931;52.9397;23.7328;204.593;0;0;
15238;0.627626;0.0784532;9.84588;70.8552;27.3552;63.3879;13.7328;204.369;0;0;
15257;0.549172;0.0392266;9.92433;70.4241;27.7862;63.0431;13.6983;205.154;0;0;
15276;0.549172;0.0784532;9.76742;70.0448;27.769;63.4224;12.8534;203.823;0;0;
15297;0.588399;0.0392266;9.8851;70.5103;27.7862;62.9914;36.1638;204.158;0;0;
15316;0.588399;0.0392266;9.96356;70.8724;27.3724;62.9914;14.5948;203.61;0;0;
15337;0.627626;0.0392266;9.96356;70.4586;28.4931;63.4397;36.1638;204.046;0;0;
15356;0.549172;0.0392266;9.96356;70.4414;28.2172;52.9397;22.5431;203.271;0;0;
15377;0.588399;0;9.8851;70.8897;29.3897;63.0086;36.1638;204.823;0;0;
15396;0.588399;0.0392266;9.92433;70.4759;27.8034;63.0259;14.9397;204.154;0;0;
15416;0.549172;0.0392266;9.92433;70.4414;27.769;63.8534;13.3017;204.593;0;0;
15436;0.588399;0.0392266;9.92433;70.8897;27.3897;62.9914;36.1638;204.593;0;0;
15455;0.588399;0;9.92433;70.4069;27.8207;62.5603;14.5431;203.717;0;0;
15475;0.588399;0.0392266;9.96356;70.0103;27.3552;63.0086;13.7328;204.259;0;0;
15494;0.588399;0;9.96356;70.0276;27.8379;52.819;21.6983;204.693;0;0;
15513;0.627626;0.0784532;9.92433;70.4586;27.7862;63.4224;13.75;204.581;0;0;
15532;0.549172;0.0392266;9.8851;70.0621;28.1828;52.0431;23.0259;203.935;0;0;
15552;0.549172;0;9.84588;70.5103;28.2;63.0086;13.7155;203.827;0;0;
15571;0.666852;0.0392266;9.96356;71.4414;27.8034;62.9914;14.9914;204.693;0;0;
15592;0.549172;0.0784532;9.96356;70.8897;27.3724;61.2845;36.1638;204.377;0;0;
15611;0.549172;0.0392266;9.84588;70.6138;27.3897;53.5086;27.0431;205.016;0;0;
15630;0.588399;0.0392266;9.8851;70.4586;27.7862;52.9224;22.5431;205.337;0;0;
15650;0.588399;0;9.92433;70.0276;28.2172;63.0086;14.5259;203.504;0;0;
15671;0.549172;0.0392266;9.8851;70.4586;27.7517;62.9569;36.5948;204.044;0;0;
15690;0.588399;0;9.92433;70.4759;27.4241;51.6466;24.2328;203.935;0;0;
15711;0.549172;0.0392266;9.8851;70.0448;27.769;62.9741;36.181;204.259;0;0;
15730;0.549172;0.0392266;9.8851;70.4759;27.8034;51.5776;23.3707;202.957;0;0;
15750;0.549172;0.0392266;9.92433;69.9931;27.7517;62.9741;13.3534;204.996;0;0;
15769;0.549172;0.0392266;9.96356;70.0276;27.7862;63.3707;14.6121;204.693;0;0;
15788;0.627626;0.0392266;9.8851;70.4759;27.8034;52.8707;21.681;204.47;0;0;
15808;0.549172;0;9.8851;70.4241;27.769;62.9569;13.7672;204.581;0;0;
15828;0.588399;0;9.8851;70.4759;27.3552;63.7328;36.181;204.708;0;0;
15848;0.549172;0.0392266;9.8851;70.4586;27.7862;63.4224;13.681;204.693;0;0;
15867;0.588399;0.0392266;10.0028;70.4586;26.5793;53.6983;21.6983;204.79;0;0;
15888;0.627626;0.0784532;9.80665;70.8552;26.6828;63.4224;36.181;204.481;0;0;
15907;0.588399;0.0392266;9.92433;70.4759;27.5276;51.5948;23.4397;204.369;0;0;
15927;0.588399;0.0392266;9.92433;70.4586;27.8207;62.9741;14.1121;204.593;0;0;
15946;0.549172;0;9.96356;70.4586;27.3724;62.9224;14.5948;204.921;0;0;
15967;0.627626;0;9.80665;70.4931;27.3724;62.9224;35.7672;203.389;0;0;
15986;0.549172;0.0392266;10.0028;70.8724;29.0621;51.6466;21.7155;203.935;0;0;
16005;0.549172;0.0392266;9.84588;70.4241;27.8207;51.6983;23.3879;203.935;0;0;
16025;0.588399;0.0392266;9.8851;70.8379;27.8207;51.2328;23.5431;204.806;0;0;
16044;0.588399;0.0392266;9.84588;70.4241;27.4069;51.2672;23.7328;204.823;0;0;
16063;0.549172;0.0392266;9.8851;70.8897;27.8034;63.4397;13.3362;203.935;0;0;
16082;0.549172;0.0392266;9.92433;70.4759;27.8379;52.9224;21.7328;204.369;0;0;
16102;0.549172;0;9.8851;70.4414;28.2345;51.181;26.1121;204.044;0;0;
16121;0.588399;0;9.84588;71.8552;27.4069;55.181;22.8879;204.481;0;0;
16140;0.509946;0;9.84588;70.4069;27.8207;51.2672;22.9914;203.604;0;0;
16159;0.549172;0.0392266;9.92433;70.4241;27.4069;50.3879;24.181;204.271;0;0;
16179;0.549172;0;9.80665;70.8207;27.4241;51.681;23.7155;203.713;0;0;
16198;0.549172;0;10.1989;70.8552;27.8552;51.1983;22.9397;203.284;0;0;
16217;0.588399;0;9.92433;70.8724;27.8034;50.819;23.3362;204.265;0;0;
16236;0.549172;0.0392266;9.8851;70.4069;27.4069;52.5086;22.0776;203.825;0;0;
16255;0.588399;0.0392266;9.8851;70.4069;27.8034;52.0776;22.5776;203.504;0;0;
16275;0.588399;0.0392266;9.92433;70.4414;27.8207;57.9397;17.9914;203.61;0;0;
16294;0.588399;0.0392266;9.96356;70.4586;14.2517;52.0431;34.4569;204.593;0;0;
16313;0.627626;0;9.92433;71.2862;27.8034;63.0603;14.5259;204.369;0;0;
16332;0.627626;0;9.8851;70.4586;27.8034;63.0431;13.2845;203.935;0;0;
16351;0.588399;0.0392266;9.92433;70.8379;27.8034;52.0776;22.5603;204.154;0;0;
16371;0.549172;0.0784532;9.8851;70.4759;27.769;63.0086;13.7328;204.15;0;0;
16390;0.588399;0.0392266;9.84588;70.8207;27.8034;63.0086;13.319;203.935;0;0;
16409;0.549172;0.0392266;9.8851;70.8552;27.7862;63.0259;13.7155;205.337;0;0;
16429;0.549172;0;9.8851;70.4241;28.2;63.0086;12.9052;204.47;0;0;
16449;0.588399;0.0392266;9.8851;70.4069;27.769;63.4397;36.5776;204.79;0;0;
16469;0.588399;0;9.8851;70.4414;27.8207;52.5259;22.4914;204.15;0;0;
16488;0.588399;0;9.92433;70.8379;27.8379;62.9914;13.7155;204.902;0;0;
16509;0.588399;0.0392266;9.92433;70.4241;27.8207;62.9914;36.2328;203.18;0;0;
16528;0.549172;0;9.96356;70.4586;28.2345;63.0086;15.3879;204.259;0;0;
16548;0.588399;0.0392266;9.8851;70.3207;28.2;63.0431;13.2672;203.829;0;0;
16567;0.549172;0;9.96356;70.4414;27.8207;51.6466;22.9224;203.827;0;0;
16586;0.549172;0;9.92433;70.0276;27.8034;52.0776;22.9741;204.146;0;0;
16607;0.509946;0.0784532;9.84588;70.4414;27.7862;63.4397;36.1466;204.679;0;0;
16627;0.627626;0.0392266;9.8851;70.4069;29.0621;51.5948;35.75;203.389;0;0;
16648;0.588399;0;9.92433;71.2345;27.3552;63.4397;36.6293;204.47;0;0;
16668;0.588399;0;9.92433;70.8379;27.8207;62.9914;36.1983;204.921;0;0;
16688;0.588399;0.0392266;10.0028;70.8897;27.7862;63.0086;15.0086;204.259;0;0;
16708;0.666852;0.0392266;9.84588;70.0103;27.8034;51.1638;35.7672;203.717;0;0;
16727;0.549172;0.0784532;9.96356;69.2172;27.4069;52.0603;22.5086;203.935;0;0;
16746;0.549172;0.11768;9.80665;70.4414;27.8207;52.8879;22.6121;204.884;0;0;
16765;0.588399;0.0392266;9.84588;70.4069;27.4241;52.1293;23.7845;204.708;0;0;
16785;0.588399;0.0392266;9.8851;70.8207;27.8034;63.0086;14.5603;204.265;0;0;
16804;0.588399;0.0392266;9.8851;70.4414;27.8034;62.6293;13.75;204.046;0;0;
16823;0.588399;0.0392266;9.92433;70.8552;27.8207;62.181;14.1466;204.806;0;0;
16843;0.549172;0;9.92433;70.8379;27.8207;63.0431;13.75;204.154;0;0;
16862;0.509946;0.0392266;9.96356;70.8379;27.8034;63.0259;14.5603;203.935;0;0;
16883;0.588399;0;9.92433;71.2862;27.8034;63.4569;36.2155;204.806;0;0;
16903;0.588399;0.0392266;9.8851;70.0793;27.8379;63.0086;36.6293;204.693;0;0;
16922;0.588399;0.0392266;9.8851;70.0621;27.8207;62.6293;13.75;203.935;0;0;
16942;0.666852;0.0392266;9.8851;70.4069;27.8034;52.0776;22.5776;203.825;0;0;
16961;0.627626;0;9.8851;70.8379;27.3897;51.681;23.8017;204.481;0;0;
16980;0.588399;0.0392266;9.84588;70.8207;27.3897;51.6638;24.181;203.389;0;0;
17000;0.588399;0.0392266;9.92433;69.631;27.3897;52.9052;23.7155;204.823;0;0;
17019;0.588399;0.0392266;9.8851;70.4069;16.3724;51.2328;33.8534;204.158;0;0;
17039;0.588399;0.0392266;9.84588;70.8724;27.769;63.0086;15.4569;203.165;0;0;
17058;0.549172;0;9.8851;70.8552;27.8207;63.4914;13.681;204.046;0;0;
17078;0.549172;0;9.8851;70.4241;27.8379;63.0259;14.5431;204.377;0;0;
17097;0.588399;0.0392266;9.92433;70.3897;27.8207;63.0603;14.1293;203.487;0;0;
17116;0.588399;0.0392266;9.92433;70.8207;27.3552;63.5086;15.0259;203.165;0;0;
17136;0.588399;0.0392266;9.92433;70.4069;27.4069;52.1466;22.7328;204.271;0;0;
17155;0.588399;0.0784532;9.8851;70.8207;27.7862;63.4914;13.7328;203.284;0;0;
17175;0.627626;0.0392266;9.8851;70.4069;27.8034;62.6466;15.819;204.481;0;0;
17194;0.627626;0.0392266;9.80665;70.8207;27.8207;63.0431;13.7155;203.717;0;0;
17214;0.588399;0;9.92433;70.4241;27.8207;63.0603;35.819;203.825;0;0;
17234;0.588399;0.0392266;9.92433;70.4069;27.7862;63.0431;14.1983;204.265;0;0;
17253;0.549172;0.0392266;9.8851;70.8207;27.8379;62.6466;14.9569;204.044;0;0;
17273;0.549172;-0.0784532;9.84588;70.4241;27.8207;63.0603;14.1466;203.284;0;0;
17293;0.627626;0.0392266;9.96356;71.2862;27.769;63.0603;36.181;204.259;0;0;
17314;0.549172;0.0392266;9.8851;70.8552;27.769;63.0603;36.6293;203.389;0;0;
17333;0.509946;0.0392266;9.84588;70.8207;27.8379;63.4741;14.5776;204.044;0;0;
17353;0.627626;0.0392266;10.0812;70.8552;15.5793;63.0603;22.0776;203.717;0;0;
17372;0.549172;0.0392266;9.96356;70.4241;27.7862;63.4741;12.8707;202.628;-50;0;
17392;0.470719;0.156906;9.96356;70.8379;27.769;63.4914;13.3534;202.874;-50;0;
17411;-0.313813;-0.0784532;9.84588;71.3034;27.769;63.4397;13.7845;202.628;-50;0;
17430;-0.23536;0.313813;9.64974;70.8552;27.8034;51.5776;22.5603;201.445;-50;0;
17451;0.313813;0.509946;10.1205;70.9241;27.7;63.4914;36.1983;201.445;-50;0;
17470;-0.313813;-0.156906;9.76742;70.6138;27.6655;62.2328;14.6121;200.454;-50;0;
17490;0.431493;0;9.80665;71.0793;15.0966;57.4741;31.1121;199.374;-50;0;
17510;0.823759;0.23536;10.0812;71.269;27.4759;62.6638;36.6466;196.875;-50;0;
17530;0.274586;0;9.80665;71.3552;27.4241;49.4569;25.9052;197.476;-50;0;
17550;0.627626;0.196133;9.37516;71.5448;27.7345;50.9569;26.6293;196.613;-50;0;
17571;0.0784532;-0.156906;8.23759;71.7345;27.6828;60.5603;36.3534;195.018;-50;0;
17591;0.313813;0.392266;9.1398;71.9759;27.5793;58.2672;36.3879;191.145;-50;0;
17612;0.588399;-0.313813;9.53206;72.5103;27.0966;47.5259;37.7155;191.373;-50;0;
17632;0.706079;0.549172;9.64974;72.5103;26.9931;57.25;38.181;189.773;-50;0;
17650;0.784532;0.196133;10.0028;30.3379;26.9931;64.319;37.4052;189.677;0;0;
